Date,Player,Club Name,Brand/Model,Club Type,Club Speed,Attack Angle,Club Path,Club Face,Face to Path,Ball Speed,Smash Factor,Launch Angle,Launch Direction,Backspin,Sidespin,Spin Rate,Spin Rate Type,Spin Axis,Apex Height,Carry Distance,Carry Deviation Angle,Carry Deviation Distance,Total Distance,Total Deviation Angle,Total Deviation Distance,Target Total Distance,Target Carry Distance,Note,Tag,Air Density,Temperature,Air Pressure,Relative Humidity,Back Stroke Length,Target Backswing Time,Target Downswing Time,Forward Stroke Length,Backswing Time,Downswing Time,Target Tempo,Swing Tempo
,,,,,[mph],[deg],[deg],[deg],[deg],[mph],,[deg],[deg],[rpm],[rpm],[rpm],,[deg],[m],[Yards],[deg],[Yards],[Yards],[deg],[Yards],[Yards],[Yards],,,[g/L],[deg F],[kPa],[%],[Inches],[sec],[sec],[Inches],[sec],[sec],,
3/31/26 6:35:09 PM,Joe,,,9 Iron,68.33242448466798,,6.130424976348877,-9.746465682983398,-15.876890182495117,82.44022097686572,1.206458304364177,25.21697425842285,-7.238886833190918,6251.68212890625,1220.0889892578125,6369.626953125,Estimated,-11.043135643005371,18.118785858154297,104.08199573960725,-11.237800598144531,-20.283678593806602,111.94590404173417,-11.471451759338379,-22.263781396527094,,,,,1.1346583,82.0,98.577446,40,,,,,44.0,45.0,,1.0
3/31/26 6:35:21 PM,Joe,,,9 Iron,67.27161113927427,,8.713296890258789,0.4166078567504883,-8.2966890335083,87.28495647673446,1.2975006098192892,31.28403663635254,1.4324798583984375,6890.0341796875,-471.08056640625,6906.11962890625,Estimated,3.91129994392395,26.849388122558594,109.71779376920232,3.070711851119995,5.877534757031752,114.49780468344167,3.1197288036346436,6.2313850574710345,,,,,1.1346583,82.0,98.577446,40,,,,,1337.0,108.0,,
3/31/26 6:35:34 PM,Joe,,,9 Iron,72.20311257014893,-0.2976156175136566,-1.0950486660003662,1.5202898979187012,2.6153385639190674,87.44671247478205,1.2111210910723993,18.665607452392578,1.1117804050445557,5434.65478515625,-140.2383270263672,5436.4638671875,Estimated,1.478158712387085,14.064068794250488,111.99397156349109,1.6200332641601562,3.166248792112656,124.58842987567839,1.6653040647506714,3.6206794536019875,,,,,1.1346583,82.0,98.577446,40,,,,,1279.0,176.0,,7.3
3/31/26 6:35:46 PM,Joe,,,9 Iron,75.72313163992159,-0.8129503726959229,-2.429286479949951,-4.6360955238342285,-2.2068090438842773,86.43785372920436,1.1414986656948287,29.080181121826172,-4.112163543701172,4096.3076171875,768.1187744140625,4167.70263671875,Estimated,-10.62048053741455,23.304771423339844,116.25256542562917,-7.807483673095703,-15.792287657997218,127.05363209374829,-8.065625190734863,-17.826527956798216,,,,,1.1346583,82.0,98.577446,40,,,,,1369.0,170.0,,8.1
3/31/26 6:35:55 PM,Joe,,,9 Iron,80.29297751533875,,-9.85020923614502,9.566304206848145,19.416513442993164,84.30004802531828,1.0499056160822289,39.78032684326172,6.625452041625977,7064.53076171875,-112.56375122070312,7065.42724609375,Estimated,0.9128536581993103,32.26646423339844,96.10740948641185,7.006223201751709,11.72288926359028,98.77512774129552,7.011373043060303,12.05712791502945,,,,,1.1346583,82.0,98.577446,40,,,,,1227.0,209.0,,5.9
3/31/26 6:36:08 PM,Joe,,,9 Iron,80.38355780228088,9.027256965637207,-7.423988342285156,6.4156904220581055,13.839678764343262,83.9672262701036,1.044582108154972,37.93733215332031,4.341052532196045,4444.84521484375,-447.58837890625,4467.32421875,Estimated,5.750204086303711,30.307147979736328,105.09440070792238,6.441137790679932,11.789776834603057,112.16259586738059,6.533600330352783,12.762504821270053,,,,,1.1346583,82.0,98.577446,40,,,,,51.0,51.0,,1.0
3/31/26 6:36:22 PM,Joe,,,9 Iron,75.22065211127465,-1.6852372884750366,-1.6430890560150146,4.013871192932129,5.656960487365723,85.90982569569593,1.1421042397852212,31.968141555786133,3.091489791870117,7544.9892578125,82.78489685058594,7545.443359375,Estimated,-0.6286337375640869,26.710437774658203,105.72459336862373,2.8262546062469482,5.213099410423352,109.3282307435417,2.8191118240356445,5.377118043073519,,,,,1.1346583,82.0,98.577446,40,,,,,50.0,51.0,,1.0
3/31/26 6:37:03 PM,Joe,,,7 Iron,77.81827117002429,-1.5114998817443848,-1.8335720300674438,-2.81398868560791,-0.9804166555404663,93.8855159598414,1.2064713665343705,24.086978912353516,-2.5409035682678223,4687.19140625,851.79443359375,4763.9599609375,Measured,-10.299851417541504,22.45105743408203,129.06572637282645,-6.501014709472656,-14.613007414476556,140.22168003459407,-6.764918327331543,-16.517604742776065,,,,,1.1346583,82.0,98.577446,40,,,,,1339.0,190.0,,7.0
3/31/26 6:37:16 PM,Joe,,,7 Iron,80.8549763564135,-4.049383163452148,-1.261523723602295,8.13292407989502,9.394447326660156,82.56415767847169,1.0211388512999375,28.52099609375,6.5227179527282715,4272.873046875,-1240.5164794921875,4449.30615234375,Estimated,16.189268112182617,20.46371078491211,107.71003816592933,11.890483856201172,22.192741837922878,118.2672045049392,12.297605514526367,25.189657119524032,,,,,1.1346583,82.0,98.577446,40,,,,,1294.0,149.0,,8.7
3/31/26 6:37:31 PM,Joe,,,7 Iron,80.52377591580259,-2.2282776832580566,-2.9297115802764893,8.879801750183105,11.809513092041016,77.45901345353342,0.9619396578536784,26.619691848754883,6.92748498916626,5079.58447265625,-1187.4129638671875,5216.5244140625,Estimated,13.157304763793945,16.51187515258789,96.41643167063529,11.09229850769043,18.54954116300648,106.24758736250803,11.424064636230469,21.044342328035718,,,,,1.1346583,82.0,98.577446,40,,,,,1407.0,170.0,,8.3
3/31/26 6:37:59 PM,Joe,,,7 Iron,78.97820230373418,1.140358328819275,-5.31260871887207,-6.875324249267578,-1.5627155303955078,93.75847316078399,1.1871436728859424,14.667400360107422,-6.31229829788208,4828.4794921875,-578.9893798828125,4863.0693359375,Measured,6.837765216827393,11.970723152160645,120.21866578964007,-4.019367218017578,-8.426641854714221,136.50873306020767,-3.7560362815856934,-8.942473904667251,,,,,1.1346583,82.0,98.577446,40,,,,,1284.0,195.0,,6.6
3/31/26 6:38:29 PM,Joe,,,7 Iron,78.31771286709785,3.896933078765869,-5.2084221839904785,0.7093641757965088,5.917786598205566,95.1611065574433,1.2150649332537078,21.26218605041504,-0.069026418030262,7052.62744140625,-1095.5439453125,7137.2099609375,Measured,8.829667091369629,20.997371673583984,125.46034518397907,3.754732608795166,8.215792640091971,132.80619890775372,3.9287474155426025,9.099380655030044,,,,,1.1346583,82.0,98.577446,40,,,,,1495.0,192.0,,7.8
3/31/26 6:38:40 PM,Joe,,,7 Iron,82.49200917860398,0.2852185070514679,-4.018158435821533,16.81302833557129,20.831186294555664,81.57938825461211,0.9889368566352171,25.400798797607422,13.30782413482666,4399.22265625,-1446.6700439453125,4630.984375,Estimated,18.20328140258789,17.05028533935547,104.57161530422101,19.090625762939453,34.201547751172214,116.13416963779186,19.59616470336914,38.950061547787485,,,,,1.1346583,82.0,98.577446,40,,,,,1445.0,172.0,,8.4
3/31/26 6:38:52 PM,Joe,,,7 Iron,77.95783222446974,,-9.938346862792969,-0.455112487077713,9.483234405517578,88.57147814805967,1.1361459858584737,28.58308982849121,-1.6173951625823975,4849.4833984375,393.7612609863281,4865.443359375,Estimated,-4.642035484313965,24.484210968017578,118.50917746075808,-3.3726072311401367,-6.971858304942374,127.79489485506207,-3.4734456539154053,-7.742676209277056,,,,,1.1346583,82.0,98.577446,40,,,,,57.0,58.0,,1.0
3/31/26 6:39:03 PM,Joe,,,7 Iron,82.8485021270337,-0.632966160774231,-4.788431167602539,1.9613796472549438,6.749810695648193,101.54489627802637,1.2256696701930112,24.327068328857422,1.0119596719741821,6670.33349609375,-1084.3389892578125,6757.89453125,Measured,9.233316421508789,28.079219818115234,136.91458280735233,5.375344276428223,12.82614777198718,143.64676421291455,5.528467655181885,13.839036669526722,,,,,1.1346583,82.0,98.577446,40,,,,,1333.0,160.0,,8.3
3/31/26 6:39:12 PM,Joe,,,7 Iron,81.47800489246802,0.7450864911079407,-6.733922004699707,3.3969039916992188,10.130825996398926,99.17779402299361,1.217233953554523,25.164722442626953,1.9476985931396484,8202.7451171875,-1938.1273193359375,8428.603515625,Measured,13.293919563293457,27.801616668701172,128.19972668211395,8.430863380432129,18.796115618261034,132.16877233950797,8.572903633117676,19.702068672614043,,,,,1.1346583,82.0,98.577446,40,,,,,1377.0,212.0,,6.5
3/31/26 6:39:22 PM,Joe,,,7 Iron,83.43510228391196,3.6074531078338623,-5.853442192077637,7.23173713684082,13.085179328918457,96.86950282190388,1.1610161690972405,32.783729553222656,5.207889080047607,3928.544677734375,-688.0720825195312,3988.34619140625,Measured,9.934408187866211,34.05038833618164,134.2102694907735,9.202676773071289,21.463875591181292,143.34651115998196,9.387848854064941,23.382202325321977,,,,,1.1346583,82.0,98.577446,40,,,,,1337.0,188.0,,7.1
3/31/26 6:39:34 PM,Joe,,,7 Iron,81.09697036087812,4.428971767425537,-8.232054710388184,1.278710961341858,9.51076602935791,95.74365342781215,1.1806070313324517,26.031761169433594,0.020309900864958763,6164.29345703125,-854.7322998046875,6223.26904296875,Measured,7.8942179679870605,26.436798095703125,128.12973216032628,3.4750235080718994,7.766485735708856,135.40280459746913,3.6175789833068848,8.54355873815448,,,,,1.1346583,82.0,98.577446,40,,,,,1435.0,180.0,,8.0
3/31/26 6:40:07 PM,Joe,,,5 Iron,88.17265182200208,5.66551399230957,-7.003944396972656,15.565284729003906,22.569229125976562,100.20115926765764,1.1364199351737545,30.246723175048828,11.909296035766602,6605.22119140625,-701.50927734375,6642.36865234375,Measured,6.0623884201049805,34.3012580871582,130.88592602720618,14.826085090637207,33.4918571999484,136.1032337445704,14.895739555358887,34.98681678338105,,,,,1.1346583,82.0,98.577446,40,,,,,1221.0,188.0,,6.5
3/31/26 6:40:25 PM,Joe,,,5 Iron,85.53581401631077,,,,0.0,105.75163594807739,1.2363433628855358,20.558671951293945,2.515570878982544,7319.6826171875,-1155.656494140625,7410.3505859375,Measured,8.971994400024414,26.082595825195312,143.00317171886107,6.935792446136475,17.268657684326172,149.38302761822132,7.0803632736206055,18.413242079767343,,,,,1.1346583,82.0,98.577446,40,,,,,29.0,30.0,,1.0
3/31/26 6:40:35 PM,Joe,,,5 Iron,85.30040766907831,-1.137156367301941,-5.621103763580322,9.444563865661621,15.065668106079102,96.19106799257425,1.1276741884487365,24.380802154541016,7.054627418518066,6829.31396484375,-1239.0584716796875,6940.806640625,Measured,10.283445358276367,24.953147888183594,127.44934435800201,11.651629447937012,25.7397344627614,134.01835817886047,11.824084281921387,27.461387771112506,,,,,1.1346583,82.0,98.577446,40,,,,,1340.0,171.0,,7.8
3/31/26 6:41:21 PM,Joe,,,5 Iron,78.04347176848775,1.4071124792099,-6.241565227508545,8.516464233398438,14.75802993774414,103.93622438653333,1.3317734594746784,9.185660362243652,6.21462869644165,6590.96337890625,-995.0258178710938,6665.64892578125,Measured,8.585010528564453,10.245705604553223,129.63298320353084,9.572550773620605,21.557511724303506,149.11865207675456,9.982410430908203,25.84908995207005,,,,,1.1346583,82.0,98.577446,40,,,,,1503.0,164.0,,9.2
3/31/26 6:41:31 PM,Joe,,,5 Iron,83.16878856039081,-0.21906810998916626,-0.9610221982002258,5.702693462371826,6.663715839385986,90.29885232661908,1.085730042358991,21.470104217529297,4.564072132110596,3892.2216796875,-1261.9281005859375,4091.680908203125,Measured,17.963623046875,16.959503173828125,121.17390870422203,10.455530166625977,21.98970015384811,135.8285204736371,11.036065101623535,26.001237717409044,,,,,1.1346583,82.0,98.577446,40,,,,,58.0,59.0,,1.0
3/31/26 6:41:45 PM,Joe,,,5 Iron,83.5196325074116,1.0640126466751099,-8.111892700195312,5.723586559295654,13.835479736328125,92.24403732234269,1.1044593295373621,15.610148429870605,3.686467170715332,7720.7734375,-762.0593872070312,7758.291015625,Measured,5.636976718902588,13.773505210876465,115.99371335220671,5.927280426025391,11.97823389308659,125.90360766633601,6.082861423492432,13.341630433383784,,,,,1.1346583,82.0,98.577446,40,,,,,55.0,56.0,,1.0
3/31/26 6:41:55 PM,Joe,,,5 Iron,83.81062434584905,2.668476104736328,-7.675758361816406,-6.967075347900391,0.7086830139160156,106.49209032761854,1.2706275744728164,20.24191665649414,-6.683358669281006,4601.5869140625,55.78457260131836,4601.92529296875,Measured,-0.6945568919181824,24.704753875732422,154.17334288749794,-6.979546546936035,-18.734395869030624,166.47862845727047,-6.992995738983154,-20.268438995040935,,,,,1.1346583,82.0,98.577446,40,,,,,1374.0,179.0,,7.7
3/31/26 6:42:13 PM,Joe,,,5 Iron,84.6265978529868,0.6108099818229675,-1.6226919889450073,3.3143537044525146,4.937045574188232,97.66228299697298,1.1540376840698683,20.94330596923828,2.5194427967071533,5560.857421875,-78.25143432617188,5561.408203125,Measured,0.8062032461166382,21.47329330444336,133.9120522780264,2.853550434112549,6.666621511063863,144.3259672229997,2.8718762397766113,7.2312574061195996,,,,,1.1346583,82.0,98.577446,40,,,,,49.0,50.0,,1.0
3/31/26 6:42:28 PM,Joe,,,5 Iron,85.64875137831538,3.5861270427703857,-5.489779472351074,0.08514899015426636,5.574928283691406,98.95249102571306,1.1553290553954991,21.980072021484375,-0.6169763207435608,5692.947265625,-1073.7711181640625,5793.32666015625,Measured,10.681318283081055,23.24333953857422,135.42036789087277,3.95542311668396,9.341317107566907,144.89995734480945,4.202815532684326,10.61922921909122,,,,,1.1346583,82.0,98.577446,40,,,,,1377.0,194.0,,7.1
3/31/26 6:43:09 PM,Joe,,,5 Iron,81.29859363170888,4.645396709442139,-6.885393142700195,1.5699220895767212,8.455315589904785,99.91565429916874,1.2289960974207879,16.650211334228516,0.42802107334136963,5391.77880859375,-2087.2138671875,5781.6728515625,Measured,21.161943435668945,16.362552642822266,132.14075450613535,8.727557182312012,20.05049562829686,144.57030141968949,9.390486717224121,23.58837077623903,,,,,1.1346583,82.0,98.577446,40,,,,,1390.0,177.0,,7.9
3/31/26 6:43:33 PM,Joe,,,5 Iron,85.41954015951627,4.1136393547058105,-9.258858680725098,4.802313327789307,14.061172485351562,94.6402037749567,1.1079456011847095,25.13631820678711,2.786195993423462,8066.05224609375,-2479.0927734375,8438.4296875,Measured,17.08475685119629,24.783973693847656,120.93449723584968,10.632674217224121,22.31384929813842,125.08157044258017,10.834126472473145,23.511169463630736,,,,,1.1346583,82.0,98.577446,40,,,,,51.0,52.0,,1.0
3/31/26 6:43:44 PM,Joe,,,5 Iron,83.37646189466408,1.0014731884002686,-6.214231014251709,3.1233601570129395,9.337591171264648,92.80328846182582,1.1130634036626714,25.4993953704834,1.7880308628082275,5168.5771484375,-2491.1083984375,5737.57861328125,Measured,25.732757568359375,22.667987823486328,122.56689897672398,11.944908142089844,25.367788963951984,131.38358882927415,12.53952693939209,28.525049605081712,,,,,1.1346583,82.0,98.577446,40,,,,,53.0,54.0,,1.0
3/31/26 6:43:55 PM,Joe,,,5 Iron,88.5803953783804,-0.6175211071968079,-7.314347743988037,-4.088304042816162,3.226043701171875,109.20833841595551,1.2328725554843225,21.606403350830078,-4.273448467254639,5887.44384765625,-1498.2952880859375,6075.103515625,Estimated,14.27811050415039,28.4849853515625,152.48169319106108,2.614266872406006,6.954778419287708,161.10360987438827,2.9063637256622314,8.168588681692421,,,,,1.1346583,82.0,98.577446,40,,,,,56.0,57.0,,1.0
3/31/26 6:44:04 PM,Joe,,,5 Iron,85.21257508372783,-2.400582790374756,-3.002948045730591,3.9025871753692627,6.9055352210998535,93.05278317964154,1.0920076419262077,20.965024948120117,2.8299238681793213,4308.3701171875,-1452.0235595703125,4546.4736328125,Measured,18.62504768371582,17.883026123046875,125.47961057327551,9.397872924804688,20.489477840099852,138.9237151058327,9.97438907623291,24.062665220112105,,,,,1.1346583,82.0,98.577446,40,,,,,1364.0,155.0,,8.8
3/31/26 6:44:19 PM,Joe,,,5 Iron,87.83348134012844,-0.22643594443798065,-4.683016300201416,0.23822182416915894,4.921237945556641,104.2984175357805,1.1874562631975483,19.497907638549805,-0.3902910053730011,5360.32470703125,-985.8906860351562,5450.23486328125,Measured,10.421579360961914,22.80974578857422,145.9516356727687,4.14382791519165,10.546467748526826,156.99575162205068,4.413351535797119,12.081018791632598,,,,,1.1346583,82.0,98.577446,40,,,,,1326.0,165.0,,8.0
3/31/26 6:45:16 PM,Joe,,,3 Hybrid,103.65110341360847,2.734593391418457,-8.297846794128418,13.138442039489746,21.436288833618164,115.54566467328847,1.1147557610864598,24.365983963012695,9.75393009185791,6015.8515625,-848.4437866210938,6075.38671875,Measured,8.02774715423584,36.94509506225586,161.73385259673353,13.981877326965332,39.07734327741808,168.8888296159025,14.100088119506836,41.1441257306597,,,,,1.1346583,82.0,98.577446,40,,,,,1201.0,202.0,,5.9
3/31/26 6:45:46 PM,Joe,,,3 Hybrid,93.84150153496647,-1.5313313007354736,-2.8708412647247314,2.172863006591797,5.043704032897949,118.73485023154475,1.2652701447589554,20.2631778717041,1.4256192445755005,5146.1201171875,-458.6421813964844,5166.517578125,Measured,5.092966079711914,32.35144805908203,174.3133591646076,3.975670099258423,12.085722500257917,184.38693002348705,4.081303119659424,13.123160376427785,,,,,1.1346583,82.0,98.577446,40,,,,,1280.0,157.0,,8.2
3/31/26 6:46:03 PM,Joe,,,3 Hybrid,94.2442958151859,-1.1916049718856812,-1.1918636560440063,4.786823749542236,5.978687286376953,111.15627111327076,1.1794482642349988,19.747560501098633,3.7828714847564697,6137.62548828125,-2367.489501953125,6578.408203125,Measured,21.093313217163086,26.393795013427734,152.9971612511449,14.053921699523926,37.15304877814346,161.44708281322622,14.500165939331055,40.42356763090466,,,,,1.1346583,82.0,98.577446,40,,,,,1304.0,125.0,,
3/31/26 6:46:23 PM,Joe,,,3 Hybrid,95.63603227106093,-1.2385201454162598,-3.812222957611084,7.320830345153809,11.133052825927734,119.27348507585573,1.2471605339899425,22.094541549682617,5.536484241485596,5266.22998046875,-1091.0782470703125,5378.0693359375,Estimated,11.705158233642578,35.285865783691406,172.9080453840975,11.55162525177002,34.62494410450586,181.95416775066812,11.769728660583496,37.11476413596647,,,,,1.1346583,82.0,98.577446,40,,,,,1377.0,136.0,,
3/31/26 6:47:16 PM,Joe,,,3 Hybrid,115.17492122281512,,,,0.0,121.99619282290351,1.0592253203012147,20.232587814331055,5.83648157119751,8439.5048828125,-2368.904541015625,8765.6689453125,Estimated,15.679024696350098,35.17566680908203,162.72821034242057,15.1040620803833,42.40255864795007,166.8872649692592,15.258635520935059,43.92082401252273,,,,,1.1346583,82.0,98.577446,40,,,,,1270.0,295.0,,4.3
3/31/26 6:47:36 PM,Joe,,,3 Hybrid,98.03050060995835,3.6651198863983154,-5.317689418792725,5.537307262420654,10.854996681213379,131.69650956401674,1.3434238195723185,11.214287757873535,3.8830835819244385,6974.11376953125,-2873.6533203125,7542.95361328125,Estimated,22.393898010253906,23.861629486083984,180.11473608142123,16.27366828918457,50.47274595379099,189.29295443904473,16.7745304107666,54.63112892024056,,,,,1.1346583,82.0,98.577446,40,,,,,1326.0,151.0,,8.8
3/31/26 6:47:51 PM,Joe,,,3 Hybrid,95.68462904300021,2.1148107051849365,-2.733138084411621,-8.045029640197754,-5.311891555786133,130.97371044718716,1.3688061683170472,12.86120319366455,-6.950359344482422,3916.808349609375,831.4712524414062,4004.08935546875,Measured,-11.98499584197998,23.984355926513672,200.74009999619798,-12.39197826385498,-43.078553541021606,217.27449311984805,-12.761673927307129,-47.99509507360317,,,,,1.1346583,82.0,98.577446,40,,,,,1325.0,186.0,,7.1
3/31/26 6:48:22 PM,Joe,,,3 Hybrid,94.1922942825787,4.1227312088012695,-3.57944655418396,-3.3745880126953125,0.20485854148864746,110.93214570238663,1.1777199668752951,17.089067459106445,-3.2198486328125,1989.7562255859375,7.70119047164917,1989.7711181640625,Measured,-0.22175757586956024,17.457435607910156,168.55468483004566,-3.277873992919922,-9.637756089004423,191.3955935447339,-3.2814557552337646,-10.955511011372296,,,,,1.1346583,82.0,98.577446,40,,,,,55.0,56.0,,1.0
3/31/26 6:49:38 PM,Joe,,,2 Hybrid,94.70564515230565,2.158857583999634,-3.4392833709716797,0.7726296186447144,4.211913108825684,112.50125397591397,1.1879044147261697,14.555349349975586,0.20430830121040344,5262.6298828125,-2707.5908203125,5918.30419921875,Estimated,27.225543975830078,18.227684020996094,151.81178495952776,11.97807788848877,31.50664602364768,164.52130161662532,12.850253105163574,36.59016816947717,,,,,1.1346583,82.0,98.577446,40,,,,,1290.0,161.0,,8.0
3/31/26 6:49:49 PM,Joe,,,2 Hybrid,88.60121647118669,-6.752628803253174,4.361572742462158,8.621971130371094,4.2603983879089355,101.6175909049185,1.1469096582659761,14.00946044921875,7.62803316116333,2110.5185546875,-1218.50830078125,2437.016845703125,Estimated,30.0,10.073321342468262,128.7380645698554,14.445958137512207,32.115881628668944,172.28888297227007,16.148588180541992,47.918584194500404,,,,,1.1346583,82.0,98.577446,40,,,,,59.0,60.0,,1.0
3/31/26 6:50:00 PM,Joe,,,2 Hybrid,94.26246307198286,5.412001132965088,-6.1657609939575195,10.615550994873047,16.78131103515625,114.48443746600906,1.214528389509447,21.366214752197266,7.9483513832092285,6932.1796875,-1777.8253173828125,7156.52001953125,Measured,14.384057998657227,31.809791564941406,157.1005807043895,15.589919090270996,42.22083488057187,163.55509520202796,15.808327674865723,44.55568492151829,,,,,1.1346583,82.0,98.577446,40,,,,,60.0,61.0,,1.0
3/31/26 6:50:21 PM,Joe,,,2 Hybrid,86.56807942482601,0.15253378450870514,-5.130151748657227,-2.9773027896881104,2.152848958969116,125.29573017303314,1.4473664080977728,15.040884971618652,-3.0875446796417236,3850.369384765625,-628.2323608398438,3901.284423828125,Estimated,9.266813278198242,25.248680114746094,192.64317977251136,1.0277440547943115,3.455340705831533,208.37396670097024,1.3040131330490112,4.74215492488831,,,,,1.1346583,82.0,98.577446,40,,,,,1291.0,156.0,,8.3
3/31/26 6:50:30 PM,Joe,,,2 Hybrid,94.1465988104567,2.691547393798828,-4.581227779388428,-2.0064589977264404,2.5747687816619873,126.158167143421,1.3400183196996047,14.308063507080078,-2.221386432647705,2508.402099609375,183.0548095703125,2515.07275390625,Measured,-4.173855304718018,20.616985321044922,199.95239671655423,-3.6371192932128906,-12.68439718431688,221.2509729313621,-3.7643163204193115,-14.525836534074598,,,,,1.1346583,82.0,98.577446,40,,,,,1263.0,160.0,,7.9
3/31/26 6:50:40 PM,Joe,,,2 Hybrid,95.90150973757592,0.09363957494497299,-2.7043542861938477,8.194234848022461,10.898589134216309,114.37797682918475,1.1926608573959647,18.17622947692871,6.392542839050293,5022.36376953125,-1763.1868896484375,5322.8720703125,Measured,19.344497680664062,25.327781677246094,163.42628659225824,15.353724479675293,43.27159541172618,174.91815388463405,15.859769821166992,47.80230351111812,,,,,1.1346583,82.0,98.577446,40,,,,,1210.0,137.0,,8.8
3/31/26 6:50:53 PM,Joe,,,2 Hybrid,94.65595612631752,-1.112358808517456,-2.8649039268493652,-0.6909972429275513,2.1739068031311035,118.64978241425544,1.2534845906148617,16.552474975585938,-0.926077663898468,3832.814697265625,-1629.016357421875,4164.63232421875,Measured,23.02638053894043,23.20352554321289,174.84145944617032,8.799978256225586,26.74823253695003,190.02597371632868,9.522601127624512,31.43727935831065,,,,,1.1346583,82.0,98.577446,40,,,,,1272.0,149.0,,8.5
3/31/26 6:51:09 PM,Joe,,,2 Hybrid,91.33622060951883,0.5674347877502441,-6.178766250610352,-3.135617733001709,3.0431485176086426,119.5519671921399,1.3089217661331665,16.74750518798828,-3.3487982749938965,3643.301025390625,-26.776569366455078,3643.3994140625,Measured,0.4210897982120514,25.117977142333984,184.2091444387628,-3.1714468002319336,-10.19114688729781,200.1558138629583,-3.156597137451172,-11.021638271168252,,,,,1.1346583,82.0,98.577446,40,,,,,1381.0,134.0,,
3/31/26 6:51:22 PM,Joe,,,2 Hybrid,95.21581312546836,,,,0.0,121.88871673114315,1.2801310279262879,15.194172859191895,-3.560424327850342,2484.871337890625,-661.7296142578125,2571.47265625,Estimated,14.911982536315918,20.045146942138672,189.33921139801373,1.388043999671936,4.586557077923472,210.6074168821854,1.87022066116333,6.873196712837653,,,,,1.1346583,82.0,98.577446,40,,,,,1357.0,102.0,,
3/31/26 6:52:52 PM,Joe,,,2 Hybrid,93.2565738921005,-0.3846901059150696,-2.280430793762207,-4.306240081787109,-2.0258092880249023,134.7964374867182,1.445436303961585,13.405533790588379,-3.82258677482605,3211.438232421875,-25.357229232788086,3211.538330078125,Estimated,0.45239296555519104,25.410354614257812,216.6008803266657,-3.6306536197662354,-13.716261530798564,234.77045361242688,-3.6146011352539062,-14.8012026922805,,,,,1.1346583,82.0,98.577446,40,,,,,1256.0,137.0,,9.2
3/31/26 6:53:09 PM,Joe,,,2 Hybrid,94.49242521544056,0.44646134972572327,-4.045806884765625,10.214658737182617,14.260465621948242,92.7988597129871,0.9820772353065108,17.718894958496094,7.884312152862549,1666.3822021484375,-962.0861206054688,1924.17236328125,Estimated,30.0,11.090489387512207,118.81122438926397,13.654829025268555,28.048005942597477,155.456222574229,14.997627258300781,40.22878194627069,,,,,1.1346583,82.0,98.577446,40,,,,,1270.0,141.0,,9.0
3/31/26 6:53:30 PM,Joe,,,2 Hybrid,98.99764037081064,3.7638702392578125,-8.128996849060059,-1.154815435409546,6.974181175231934,129.96296585672826,1.3127885207155676,14.698715209960938,-1.96574866771698,6298.9736328125,-2302.820068359375,6706.71630859375,Estimated,20.08173370361328,28.992279052734375,183.3751174512915,9.13234806060791,29.104500617880834,192.6168139733876,9.573064804077148,32.03317770703467,,,,,1.1346583,82.0,98.577446,40,,,,,1210.0,181.0,,6.7
3/31/26 6:54:41 PM,Joe,,,Driver,103.77838514323908,4.960408687591553,-6.319169044494629,12.287921905517578,18.60708999633789,129.02959210580815,1.2433185574020673,24.183170318603516,9.302879333496094,4578.337890625,-646.218994140625,4623.71923828125,Measured,8.034059524536133,45.17351150512695,193.02858768172777,13.616658210754395,45.443678361120085,202.14653182008865,13.743298530578613,48.02441033791369,,,,,1.1346583,82.0,98.577446,40,,,,,1262.0,167.0,,7.6
3/31/26 6:55:16 PM,Joe,,,Driver,100.56723503871909,1.0804290771484375,-2.313532829284668,0.32093876600265503,2.6344716548919678,118.65751352494499,1.179882428698184,27.057870864868164,-0.025859016925096512,7656.83837890625,-1778.1551513671875,7860.5986328125,Measured,13.074109077453613,42.97148895263672,154.97441262606458,7.602381229400635,20.50271914491295,158.8909185881794,7.709073066711426,21.314180846393683,,,,,1.1346583,82.0,98.577446,40,,,,,57.0,58.0,,1.0
3/31/26 6:55:46 PM,Joe,,,Driver,101.48818439983349,0.37923264503479004,-3.323573350906372,0.8514001965522766,4.174973487854004,122.99162025697417,1.2118811759645192,25.073505401611328,0.28349068760871887,3697.602783203125,-1069.102294921875,3849.057861328125,Measured,16.126373291015625,40.82975769042969,188.76637269401382,7.98217248916626,26.213036017363674,199.5832588416072,8.298696517944336,28.8066630392667,,,,,1.1346583,82.0,98.577446,40,,,,,1451.0,140.0,,
3/31/26 6:56:15 PM,Joe,,,Driver,114.29761082424636,,,,0.0,119.99910016015502,1.0498828391494182,20.450708389282227,-3.2594456672668457,6183.15966796875,-1416.9051513671875,6343.4287109375,Estimated,12.9068021774292,33.63705062866211,169.6345478635239,3.665059804916382,10.843752563156167,177.47628720100784,3.8911349773406982,12.043691578395306,,,,,1.1346583,82.0,98.577446,40,,,,,1251.0,288.0,,4.3
3/31/26 6:56:35 PM,Joe,,,Driver,111.58776266197691,,,,0.0,117.26397655653629,1.050867709497446,23.145816802978516,7.137524127960205,4600.111328125,-1745.1207275390625,4920.00732421875,Estimated,20.774988174438477,34.156314849853516,170.5109103145249,17.21883201599121,50.47497786874846,180.90896406198738,17.320213317871094,53.85874867543565,,,,,1.1346583,82.0,98.577446,40,,,,,1135.0,366.0,,3.1
3/31/26 6:56:48 PM,Joe,,,Driver,100.32944791898953,-3.616657018661499,-3.2264132499694824,9.947840690612793,13.174253463745117,125.94904315923911,1.2553546916846985,25.032407760620117,7.767670631408691,5257.01416015625,-634.4468994140625,5295.16015625,Measured,6.881505489349365,44.9376220703125,181.6208740127577,11.56689453125,36.41715512813858,189.50179493020525,11.664034843444824,38.31202589620755,,,,,1.1346583,82.0,98.577446,40,,,,,51.0,52.0,,1.0
3/31/26 6:57:35 PM,Joe,,,Driver,117.6997688555598,,,,0.0,124.6414443980649,1.0589778179685627,21.346153259277344,-2.1090519428253174,7177.71142578125,-1620.043701171875,7358.26611328125,Estimated,12.7188138961792,38.50562286376953,171.33514190700527,5.327301502227783,15.907609869488894,177.05760498580867,5.485301494598389,16.925081493347648,,,,,1.1346583,82.0,98.577446,40,,,,,1408.0,253.0,,5.6
3/31/26 6:58:17 PM,Joe,,,Driver,101.0479974849103,4.593020439147949,-8.497410774230957,13.821154594421387,22.318565368652344,124.67999755269558,1.2338690588234003,26.99244499206543,10.289754867553711,4324.75830078125,-1373.84521484375,4537.72900390625,Measured,17.62348175048828,45.6436767578125,182.88372904192641,19.430320739746094,60.83818454024882,189.4178081789459,19.187580108642578,62.254465992577956,,,,,1.1346583,82.0,98.577446,40,,,,,1396.0,187.0,,7.5
3/31/26 6:58:37 PM,Joe,,,Driver,101.28076706260293,1.7402966022491455,-6.871247291564941,-8.442445755004883,-1.5711984634399414,128.0249999776088,1.2640603314000862,16.845731735229492,-7.794595241546631,5820.18212890625,-1336.4920654296875,5971.66064453125,Estimated,12.932662963867188,32.31330871582031,185.53881507533117,-0.7393990755081177,-2.394399930798788,194.92755933279335,-0.4735395312309265,-1.610411251206619,,,,,1.1346583,82.0,98.577446,40,,,,,1422.0,193.0,,7.4
3/31/26 6:59:00 PM,Joe,,,Driver,101.65471047611004,4.0550055503845215,-4.48716402053833,-7.411013603210449,-2.923849582672119,124.85596138661302,1.228235866314877,22.267772674560547,-6.649040222167969,7151.34130859375,-851.747314453125,7201.8857421875,Measured,6.792112350463867,40.607879638671875,171.68295352164841,-2.6484107971191406,-7.932960517763153,177.28473466420945,-2.568112373352051,-7.943579322501222,,,,,1.1346583,82.0,98.577446,40,,,,,1419.0,146.0,,9.7
3/31/26 6:59:51 PM,Joe,,,Driver,101.57621324958338,4.9634294509887695,-3.9276070594787598,-4.280959129333496,-0.35335206985473633,128.27595387856792,1.2628542625760275,22.894746780395508,-4.0079264640808105,3807.312744140625,-1380.041015625,4049.708984375,Measured,19.92411994934082,40.1749382019043,197.28628043427554,5.832807540893555,20.04940887344374,208.299491662053,6.242369651794434,22.649381208711826,,,,,1.1346583,82.0,98.577446,40,,,,,1461.0,164.0,,8.9
3/31/26 7:01:22 PM,Joe,,,Driver,99.04573368189928,3.4513564109802246,-7.939297199249268,-5.1790642738342285,2.760232925415039,122.54155185620274,1.2372219105344198,20.044260025024414,-5.247621536254883,5888.07373046875,-706.4283447265625,5930.2998046875,Measured,6.841425895690918,34.88804244995117,176.45024043472839,-1.557711124420166,-4.796553158697494,184.99003933483536,-1.4323116540908813,-4.624321809069483,,,,,1.1346583,82.0,98.577446,40,,,,,1460.0,173.0,,8.4
3/31/26 7:04:13 PM,Joe,,,Driver,101.31913248606895,2.373903512954712,-6.877273082733154,-0.5141090154647827,6.363163948059082,131.04408403422548,1.2933794518250894,21.758771896362305,-1.2828333377838135,4315.1484375,-988.8102416992188,4426.9912109375,Measured,12.906427383422852,41.50041961669922,200.1736024337595,5.484050750732422,19.130327152976424,210.5884602063597,5.729981422424316,21.025260498100273,,,,,1.1346583,82.0,98.577446,40,,,,,1433.0,156.0,,9.2
3/31/26 7:05:02 PM,Joe,,,Driver,96.91597481838873,1.6772247552871704,-3.1277897357940674,-14.396501541137695,-11.268712043762207,115.44630368778172,1.1911999430859261,12.307991027832031,-12.216984748840332,1809.08740234375,-319.5444030761719,1837.0916748046875,Measured,10.016999244689941,11.064480781555176,158.48291619034683,-10.07345199584961,-27.720364998644733,215.5803403412159,-9.480791091918945,-35.50980034775621,,,,,1.1346583,82.0,98.577446,40,,,,,49.0,50.0,,1.0
3/31/26 7:06:02 PM,Joe,,,Driver,111.98823590234252,,,,0.0,120.44534567175546,1.0755178407916686,20.588542938232422,-8.42727279663086,4675.29638671875,-1857.9930419921875,5030.95751953125,Estimated,21.673194885253906,31.938350677490234,175.9939452377413,2.1936557292938232,6.736561799403981,186.69674089887323,2.7002315521240234,8.795347947982561,,,,,1.1346583,82.0,98.577446,40,,,,,1238.0,255.0,,4.9
3/31/26 7:07:07 PM,Joe,,,Driver,99.21867675071285,2.248784303665161,0.18889035284519196,-8.80777645111084,-8.99666690826416,123.21870670031888,1.241890244211845,18.253007888793945,-7.211272239685059,2301.70166015625,-114.00184631347656,2304.523193359375,Measured,2.8355069160461426,25.818256378173828,202.4332348547374,-6.256361961364746,-22.060635417360857,221.8255637928987,-6.174157619476318,-23.857612726673786,,,,,1.1346583,82.0,98.577446,40,,,,,1358.0,139.0,,9.8
3/31/26 7:07:19 PM,Joe,,,Driver,102.05700129547884,5.139766693115234,-5.2640252113342285,-16.989593505859375,-11.725568771362305,113.08537096147803,1.1080608828988565,26.94264793395996,-14.614311218261719,3937.71875,234.57916259765625,3944.69970703125,Measured,-3.409215211868286,37.96807861328125,168.92357239677315,-16.168212890625,-47.03818343755767,179.33122129265092,-16.226951599121094,-50.1128235931263,,,,,1.1346583,82.0,98.577446,40,,,,,1248.0,189.0,,6.6
3/31/26 7:07:40 PM,Joe,,,Driver,98.81733312040205,2.404167652130127,-7.435576438903809,5.43749475479126,12.873071670532227,114.66151915367962,1.16033812624727,25.86344337463379,3.536090612411499,5561.7470703125,-1487.2353515625,5757.16064453125,Measured,14.970869064331055,37.77095413208008,160.42222083918588,11.248292922973633,31.29215899623494,167.86780570122826,11.484563827514648,33.42311213335653,,,,,1.1346583,82.0,98.577446,40,,,,,1317.0,156.0,,8.4
3/31/26 7:07:59 PM,Joe,,,Driver,101.49008731118423,4.490339279174805,-2.3968374729156494,-8.386919021606445,-5.990081787109375,115.85368031506549,1.141527053374585,20.113422393798828,-7.189114570617676,5591.9541015625,-999.6911010742188,5680.6103515625,Measured,10.135870933532715,30.43289566040039,166.26481517614863,-2.116830825805664,-6.14154839453109,175.64146120300026,-1.90361750125885,-5.834499994913737,,,,,1.1346583,82.0,98.577446,40,,,,,1359.0,184.0,,7.4
3/31/26 7:08:37 PM,Joe,,,Driver,99.14750957284217,7.740544319152832,-9.061454772949219,-20.91452980041504,-11.85307502746582,107.96830580758468,1.0889663923253867,25.980533599853516,-18.313501358032227,4636.72509765625,80.47674560546875,4637.42333984375,Measured,-0.9943473935127258,33.62592697143555,155.75288787601502,-18.768301010131836,-50.112268743239675,165.2747293574082,-18.777978897094727,-53.2022569644691,,,,,1.1346583,82.0,98.577446,40,,,,,1396.0,181.0,,7.7
3/31/26 7:09:05 PM,Joe,,,Driver,101.08836821854413,7.4746198654174805,-2.371147632598877,-22.627634048461914,-20.256486892700195,115.24089166071899,1.1400015025623753,15.594195365905762,-18.883546829223633,3203.5986328125,61.33174133300781,3204.185791015625,Measured,-1.0967731475830078,20.205211639404297,174.77157339127774,-19.28942108154297,-57.73407893543794,192.2647137445832,-18.959556579589844,-62.46694429652897,,,,,1.1346583,82.0,98.577446,40,,,,,1433.0,141.0,,
3/31/26 7:10:05 PM,Joe,,,Driver,98.93045821357131,3.6072566509246826,-2.3515095710754395,-3.9393980503082275,-1.587888479232788,115.88196798828388,1.1713477333554605,22.147737503051758,-3.530148506164551,3981.221923828125,-534.0094604492188,4016.8759765625,Measured,7.6396026611328125,32.29691696166992,175.84307613022372,-0.08156468719244003,-0.25227590939087086,187.9312443503766,0.09691329300403595,0.3197060756170218,,,,,1.1346583,82.0,98.577446,40,,,,,1434.0,171.0,,8.4
